{"count":1,"self":18.613921599999998,"total":38.525362799999996,"children":{"AgentSendState":{"count":7256,"self":0.082325,"total":1.1170512,"children":{"CollectObservations":{"count":5840,"self":0.0095979999999999989,"total":0.0095979999999999989,"children":null},"CollectDiscreteActionMasks":{"count":5840,"self":0.0092395999999999989,"total":0.0092395999999999989,"children":null},"AgentInfo.ToProto":{"count":5840,"self":0.0319725,"total":1.0158886,"children":{"GenerateSensorData":{"count":5840,"self":0.3294646,"total":0.9839161,"children":{"RayPerceptionSensor.Perceive":{"count":11680,"self":0.6544515,"total":0.6544515,"children":null}}}}}}},"DecideAction":{"count":7256,"self":18.7063568,"total":18.7063562,"children":null},"AgentAct":{"count":7256,"self":0.085255199999999989,"total":0.085255199999999989,"children":null}},"gauges":{},"metadata":{"timer_format_version":"0.1.0","start_time_seconds":"1625194539","unity_version":"2019.4.5f1","command_line_arguments":"Z:\\home\\nagibator\\Documents\\submit\\Vikings_final\\final_proj\\CoE202.exe --mlagents-port 5005","communication_protocol_version":"1.0.0","com.unity.ml-agents_version":"1.0.4","scene_name":"Final_project","end_time_seconds":"1625194577"}}